index;0
kühler;0.01904761904761905
brauchbares;0.004761904761904762
moin ral;0.004761904761904762
grüße;0.09523809523809523
c3;0.004761904761904762
audi coupe b3 quattro;0.004761904761904762
satain;0.004761904761904762
"; hallo";0.004761904761904762
monat;0.004761904761904762
bremssättel;0.004761904761904762
uni;0.004761904761904762
substanz;0.004761904761904762
haftpflicht;0.004761904761904762
mutter;0.014285714285714285
schaumstoff;0.004761904761904762
fahrzeugwahl;0.004761904761904762
unlackierten kunststoff;0.004761904761904762
verteiler finger bombenfest;0.004761904761904762
geber;0.009523809523809525
500€.;0.004761904761904762
membran;0.004761904761904762
stelle;0.009523809523809525
belüftungs;0.004761904761904762
2000u/min;0.004761904761904762
versionen;0.004761904761904762
coupe;0.004761904761904762
vorratsbehälter;0.009523809523809525
dient;0.004761904761904762
mensch;0.009523809523809525
karre;0.004761904761904762
kleinigkeit;0.004761904761904762
zustand;0.01904761904761905
großes;0.004761904761904762
japanern;0.004761904761904762
modell;0.01904761904761905
ok;0.004761904761904762
sprit;0.004761904761904762
luft;0.004761904761904762
leitung;0.004761904761904762
b3,aber;0.004761904761904762
entlüftungsrohr;0.004761904761904762
motorisierung;0.004761904761904762
standgas;0.004761904761904762
hand;0.004761904761904762
-vollverzinkte;0.004761904761904762
zubehör;0.004761904761904762
möchtest;0.009523809523809525
ölabscheider;0.004761904761904762
fahrzeugen;0.004761904761904762
ganghebel;0.009523809523809525
versehen;0.004761904761904762
abreissen;0.009523809523809525
verfügung;0.004761904761904762
wagen;0.014285714285714285
fein;0.004761904761904762
langstreckentauglichkeit;0.004761904761904762
vollverzinkung;0.004761904761904762
verhalten;0.004761904761904762
80er audi;0.004761904761904762
überblick;0.004761904761904762
halli hallo;0.004761904761904762
nachfüllung;0.004761904761904762
grund;0.004761904761904762
tronic;0.004761904761904762
reparaturen;0.014285714285714285
-1.8s motor;0.004761904761904762
langstrecke;0.004761904761904762
foto;0.004761904761904762
müsste;0.004761904761904762
nachdenken;0.004761904761904762
regelventil;0.004761904761904762
fokus;0.004761904761904762
ansonsten rostfrei;0.004761904761904762
längeren standzeit;0.004761904761904762
thomas;0.01904761904761905
prinzip;0.004761904761904762
"; bedenke";0.004761904761904762
bsw;0.004761904761904762
auto;0.14285714285714285
radzyl;0.004761904761904762
vollverzinkte;0.004761904761904762
getriebe;0.02857142857142857
fahrverhalten;0.004761904761904762
versicherungsbeiträge;0.004761904761904762
sohn;0.004761904761904762
teiledealer;0.004761904761904762
porös;0.004761904761904762
s.martin;0.004761904761904762
fahrversuche;0.004761904761904762
-im;0.004761904761904762
versuch;0.004761904761904762
a4;0.04285714285714286
april;0.004761904761904762
"; gruss";0.004761904761904762
fährst;0.004761904761904762
raus,,danach finger;0.004761904761904762
lukas;0.004761904761904762
boadcomputer;0.004761904761904762
recherche;0.004761904761904762
guterhaltene rentnerautos;0.004761904761904762
liebe;0.004761904761904762
zeiten;0.004761904761904762
sechskant;0.009523809523809525
jahren;0.0380952380952381
sonax;0.004761904761904762
kw;0.004761904761904762
fett;0.004761904761904762
solltest;0.004761904761904762
wertiger;0.004761904761904762
a4 b7;0.004761904761904762
t89;0.004761904761904762
einbau;0.01904761904761905
m.m.n;0.004761904761904762
willen;0.004761904761904762
nm;0.004761904761904762
essen;0.004761904761904762
zeit;0.014285714285714285
seiten;0.004761904761904762
vorteile;0.004761904761904762
drosselklappe;0.004761904761904762
rentnerhand;0.004761904761904762
1 . gang;0.004761904761904762
halli;0.004761904761904762
kraftstoffleitungen rosten;0.004761904761904762
8l/100km;0.004761904761904762
aggregateträger;0.004761904761904762
erstbesitzer;0.004761904761904762
fordermann;0.004761904761904762
schriftzug;0.004761904761904762
bedenke;0.009523809523809525
rd;0.004761904761904762
us;0.004761904761904762
unlackierten teile;0.004761904761904762
allzeit;0.004761904761904762
kopf;0.004761904761904762
radzylinder;0.004761904761904762
anregung;0.004761904761904762
b5;0.01904761904761905
verbrauch;0.03333333333333333
verständnis;0.004761904761904762
bescheid;0.004761904761904762
lösen.niet;0.004761904761904762
recht;0.01904761904761905
freunde;0.004761904761904762
radstand;0.004761904761904762
btw;0.004761904761904762
1 zettel;0.004761904761904762
go;0.004761904761904762
monaten;0.004761904761904762
umgebungstemperaturen;0.004761904761904762
bügel;0.004761904761904762
abtouren;0.004761904761904762
fahren;0.004761904761904762
schraubenkopf;0.004761904761904762
80er;0.014285714285714285
hälfte;0.004761904761904762
projekt;0.004761904761904762
kofferraum;0.004761904761904762
abs-einheit;0.004761904761904762
8l;0.004761904761904762
kompressor;0.004761904761904762
teilesituation;0.004761904761904762
rausdrehen;0.009523809523809525
täglichen;0.004761904761904762
muss;0.047619047619047616
baujahr;0.009523809523809525
land;0.004761904761904762
danke;0.09523809523809523
2,7 t;0.004761904761904762
diagnosegerät;0.004761904761904762
sollwerten;0.004761904761904762
sf26;0.004761904761904762
quattro;0.009523809523809525
850u/min;0.004761904761904762
angewohnheit;0.004761904761904762
sitze;0.009523809523809525
abs solltest;0.004761904761904762
bremse;0.009523809523809525
scheinwerfern;0.004761904761904762
grüßen;0.004761904761904762
schlitz reinflexen;0.004761904761904762
1.8s;0.0380952380952381
110kw;0.004761904761904762
uhr;0.14285714285714285
kauf;0.009523809523809525
500u/min;0.004761904761904762
familie;0.004761904761904762
rd .;0.004761904761904762
fahrwerk;0.009523809523809525
arrgyle;0.009523809523809525
servolenkung/abs;0.004761904761904762
schmilzt;0.004761904761904762
vorteil;0.004761904761904762
einzige problem;0.004761904761904762
bremskraftverstärker;0.009523809523809525
abfall;0.004761904761904762
plastikschalen;0.004761904761904762
anfängerauto;0.014285714285714285
ausgleichsventil;0.014285714285714285
abbekomme;0.004761904761904762
nen;0.009523809523809525
norm;0.004761904761904762
grube;0.004761904761904762
hallo;0.6428571428571429
behälter;0.004761904761904762
klein;0.004761904761904762
-1.8s;0.004761904761904762
wartungsstau;0.004761904761904762
bockelhard;0.004761904761904762
rost;0.023809523809523808
alternative;0.004761904761904762
b3;0.0761904761904762
gruß stefan;0.004761904761904762
reaktion;0.004761904761904762
kostenstellen;0.004761904761904762
plastik;0.004761904761904762
temperatur;0.01904761904761905
subaru;0.004761904761904762
typ89;0.004761904761904762
"; übliche auskunft";0.004761904761904762
alten dinger konntest;0.004761904761904762
super;0.047619047619047616
polo;0.01904761904761905
pfingsten;0.004761904761904762
sein,,,versuch;0.004761904761904762
konzern;0.004761904761904762
mai;0.004761904761904762
klr;0.004761904761904762
gruß thomas;0.004761904761904762
problemstellen;0.004761904761904762
bremsflüssigkeitsbehälter;0.004761904761904762
86c;0.014285714285714285
jüngeren;0.004761904761904762
mazda;0.004761904761904762
gewicht;0.009523809523809525
metall;0.004761904761904762
überland;0.004761904761904762
aufrund;0.009523809523809525
name;0.004761904761904762
1bar;0.004761904761904762
neueren fahrzeuge;0.004761904761904762
antrieb;0.009523809523809525
dank;0.01904761904761905
"110kw ; schau";0.004761904761904762
foren;0.004761904761904762
sägen;0.004761904761904762
hbz;0.01904761904761905
abkühlung;0.004761904761904762
-im winter;0.004761904761904762
fahrverbote;0.004761904761904762
entlüftung;0.004761904761904762
standard;0.01904761904761905
-generell;0.004761904761904762
dranbleiben,,zuerst;0.004761904761904762
vorhandenen;0.004761904761904762
riemen;0.004761904761904762
eyecatcher;0.004761904761904762
rädern;0.004761904761904762
teilen;0.009523809523809525
schrullige angewohnheit;0.004761904761904762
sodele;0.004761904761904762
geschäftsreisen;0.004761904761904762
erfahrung;0.004761904761904762
federn&dämpfer;0.004761904761904762
passen;0.009523809523809525
kupplung;0.014285714285714285
nase;0.004761904761904762
90ps;0.01904761904761905
uralt;0.004761904761904762
nehmerzylinder;0.004761904761904762
tdi;0.009523809523809525
audis;0.004761904761904762
entscheitung;0.004761904761904762
abflexen;0.004761904761904762
abrissschraube;0.004761904761904762
spaß;0.004761904761904762
risiko;0.004761904761904762
kombi;0.009523809523809525
zink;0.004761904761904762
einfach;0.004761904761904762
befestigung;0.004761904761904762
rande;0.004761904761904762
verbindung;0.004761904761904762
kurzstrecke;0.014285714285714285
motorkennbuchstabe;0.004761904761904762
raus,,danach;0.004761904761904762
teile;0.01904761904761905
hiachse;0.004761904761904762
ländern;0.004761904761904762
daily-driver;0.004761904761904762
komponenten;0.004761904761904762
ersatzteile;0.004761904761904762
schaumstoffe;0.004761904761904762
tolle;0.004761904761904762
finger;0.004761904761904762
stress;0.004761904761904762
usw;0.004761904761904762
leute;0.004761904761904762
poti;0.009523809523809525
hochglanz;0.004761904761904762
"; danke";0.004761904761904762
wartungen;0.004761904761904762
teilebeschaffung;0.004761904761904762
gemeinde;0.004761904761904762
weiterfahrt;0.004761904761904762
karosserie;0.004761904761904762
lieblingsauto;0.004761904761904762
s2;0.004761904761904762
autos;0.01904761904761905
lesen;0.004761904761904762
steuer;0.009523809523809525
reimport;0.009523809523809525
tagen;0.004761904761904762
exemplare;0.009523809523809525
literpreis;0.004761904761904762
sicherheitskomponenten;0.004761904761904762
letzte woche;0.004761904761904762
bild;0.02857142857142857
vergleich;0.009523809523809525
ansicht;0.004761904761904762
dremel;0.004761904761904762
sache;0.004761904761904762
meldung;0.004761904761904762
fragen+problemen;0.004761904761904762
steilheck;0.004761904761904762
esi;0.004761904761904762
pedal;0.004761904761904762
spurvermessung;0.004761904761904762
bremsen;0.009523809523809525
15l;0.004761904761904762
schraube;0.02857142857142857
unterhaltskosten;0.004761904761904762
hinterseite;0.004761904761904762
abdeckung;0.004761904761904762
jungs;0.004761904761904762
bedingungen;0.004761904761904762
mitteln;0.004761904761904762
s.martin nen wagen;0.004761904761904762
startauto;0.004761904761904762
antworten;0.009523809523809525
tausch;0.004761904761904762
bremsschläuche;0.004761904761904762
liter;0.004761904761904762
rückleuchten;0.004761904761904762
euro;0.05714285714285714
druck;0.009523809523809525
schraubendreher;0.004761904761904762
hinterachse;0.004761904761904762
ersatzteilregal;0.004761904761904762
alters;0.009523809523809525
ansaugbrücke;0.004761904761904762
fault;0.004761904761904762
z.b.;0.01904761904761905
oldtimer;0.004761904761904762
b4;0.047619047619047616
entlüfterventil;0.004761904761904762
auffahrrampen;0.004761904761904762
hauptkriterium;0.004761904761904762
gebrauch;0.004761904761904762
gelöster;0.009523809523809525
wc;0.004761904761904762
tipp;0.004761904761904762
gründe;0.004761904761904762
rentnerkarre;0.004761904761904762
einwandfrei;0.004761904761904762
kosten;0.01904761904761905
steuerblock;0.009523809523809525
nehmerzyl;0.004761904761904762
-design;0.004761904761904762
moin;0.02857142857142857
bekannter;0.004761904761904762
heissluftföhn;0.004761904761904762
typ;0.004761904761904762
780 euro;0.004761904761904762
klima;0.009523809523809525
konntest;0.004761904761904762
kraftstoff;0.004761904761904762
zettel;0.004761904761904762
glück;0.0380952380952381
probleme;0.047619047619047616
problem;0.2857142857142857
modellreihe;0.004761904761904762
100.000 km;0.004761904761904762
wochenende;0.01904761904761905
d.h.;0.004761904761904762
audianweisung;0.004761904761904762
klimaanlage;0.004761904761904762
aufm;0.004761904761904762
servoöl;0.004761904761904762
verheizt;0.004761904761904762
folgendes problem;0.004761904761904762
seltenheit;0.004761904761904762
fahrzeug;0.004761904761904762
stop;0.004761904761904762
golf 4 audi a4;0.004761904761904762
autoampel;0.004761904761904762
fahranfänger;0.004761904761904762
version;0.004761904761904762
werkstatt;0.004761904761904762
verteilerkappe;0.004761904761904762
mitm;0.009523809523809525
hallo leute;0.004761904761904762
meißel;0.004761904761904762
diesel;0.009523809523809525
"; mfg";0.01904761904761905
zylinder;0.01904761904761905
stellen;0.004761904761904762
dinge;0.009523809523809525
abs;0.01904761904761905
korrosion;0.009523809523809525
ende;0.01904761904761905
gänge;0.004761904761904762
"; grüße";0.01904761904761905
alter;0.004761904761904762
wahl;0.014285714285714285
li vorderen radzyl;0.004761904761904762
bombenfest;0.004761904761904762
motor;0.0857142857142857
sinn;0.004761904761904762
hohe alter;0.004761904761904762
mal 600 km;0.004761904761904762
abend;0.004761904761904762
vorherigen;0.004761904761904762
mal rande;0.004761904761904762
nachteile;0.004761904761904762
senf;0.009523809523809525
fahrt;0.004761904761904762
verteilers;0.004761904761904762
hebebühne;0.004761904761904762
bsp;0.004761904761904762
mehrlenkerachse;0.009523809523809525
puffer;0.004761904761904762
"; -glaubt";0.004761904761904762
geld;0.01904761904761905
bilder;0.057142857142857134
tage;0.004761904761904762
sport;0.004761904761904762
auspuff;0.004761904761904762
ne;0.004761904761904762
karosse;0.004761904761904762
sicher;0.004761904761904762
80/90er;0.004761904761904762
hallo , suche schwarze rückleuchten;0.004761904761904762
rentnerautos;0.004761904761904762
auskunft;0.004761904761904762
netz;0.004761904761904762
kiste;0.004761904761904762
ng;0.004761904761904762
deutschland;0.01904761904761905
kunststoffgel;0.004761904761904762
audi;0.6
li;0.004761904761904762
standard federn;0.004761904761904762
mal;0.01904761904761905
februar;0.009523809523809525
karosserien;0.004761904761904762
alten fahrzeugen;0.004761904761904762
threat;0.004761904761904762
ect;0.009523809523809525
"hauptbremszylinder- ; audianweisung";0.004761904761904762
schlauch;0.01904761904761905
vorderachse;0.004761904761904762
spezielles;0.004761904761904762
moment;0.01904761904761905
temperaturfühler;0.004761904761904762
kunststoff;0.004761904761904762
fahrersitz;0.004761904761904762
kluge;0.004761904761904762
vag;0.004761904761904762
ansonsten : erfolg;0.004761904761904762
schrauber;0.02857142857142857
drosseklappenpoti;0.004761904761904762
schlieren;0.004761904761904762
nippel;0.004761904761904762
-anschaffungspreis;0.004761904761904762
verdeckung;0.009523809523809525
135€. versicherung;0.004761904761904762
frühe;0.009523809523809525
einkalkulieren;0.004761904761904762
budget;0.004761904761904762
plakette;0.009523809523809525
gesehenes problem;0.004761904761904762
erfolg;0.01904761904761905
flüssigkeit;0.01904761904761905
blech;0.014285714285714285
op;0.004761904761904762
neueres;0.004761904761904762
typklassen-werts;0.004761904761904762
ausschau;0.004761904761904762
fahr;0.004761904761904762
hohen umgebungstemperaturen;0.004761904761904762
preis;0.009523809523809525
schau;0.04285714285714285
reifen;0.004761904761904762
bisschen;0.004761904761904762
nebel;0.004761904761904762
5-zylinder;0.01904761904761905
"; beste grüße";0.004761904761904762
bj1988;0.004761904761904762
nehmerzyl.verlegen;0.004761904761904762
erhaltene exemplare;0.004761904761904762
informationsvielfalt;0.004761904761904762
normbereich;0.004761904761904762
ral;0.004761904761904762
woche;0.01904761904761905
2.0e;0.004761904761904762
sowas;0.014285714285714285
schraubenziehern;0.004761904761904762
gruß;0.04285714285714285
frage;0.0380952380952381
spiegel;0.004761904761904762
hauptbremszylinder;0.023809523809523808
verteiler;0.02857142857142857
vorbesitzer;0.004761904761904762
motoren;0.009523809523809525
kenntnissen;0.004761904761904762
winter;0.014285714285714285
jahr;0.023809523809523808
punkt;0.004761904761904762
suche;0.01904761904761905
hersteller;0.01904761904761905
teil;0.01904761904761905
tradition;0.04285714285714285
anständiges geld;0.004761904761904762
hammer;0.009523809523809525
cool;0.004761904761904762
federn;0.01904761904761905
zulassungen;0.004761904761904762
schraubendreher meißel;0.004761904761904762
situation;0.009523809523809525
rd . 2;0.004761904761904762
gang;0.02857142857142857
vorrednern;0.004761904761904762
verkehr;0.004761904761904762
easy;0.004761904761904762
cm³;0.004761904761904762
ca;0.04285714285714285
richtung;0.004761904761904762
thema;0.02857142857142857
rostfrei;0.004761904761904762
garagenwagen;0.004761904761904762
würd;0.004761904761904762
autohaus;0.004761904761904762
drehzahl;0.01904761904761905
reinflexen;0.009523809523809525
fahrzeuge;0.004761904761904762
spidan;0.004761904761904762
angriff;0.004761904761904762
sommer;0.014285714285714285
micha;0.004761904761904762
octavia;0.004761904761904762
km;0.02857142857142857
führerscheinbesitz;0.004761904761904762
schönen;0.004761904761904762
klar versicherung;0.004761904761904762
leerlauf;0.004761904761904762
rosten;0.004761904761904762
sachen;0.009523809523809525
versicherung;0.01904761904761905
u/min;0.004761904761904762
abrisschraube;0.009523809523809525
gruss;0.01904761904761905
gefahren;0.004761904761904762
sinne;0.009523809523809525
felgen;0.004761904761904762
hab;0.01904761904761905
gestänge;0.009523809523809525
befestigungsmutter;0.004761904761904762
instandhaltung/wartung/reparaturen;0.004761904761904762
alternative autos;0.004761904761904762
freundlichen grüßen lukas;0.004761904761904762
hinweise;0.004761904761904762
ot;0.01904761904761905
sportfahrwerk;0.004761904761904762
billiges;0.004761904761904762
spuren;0.009523809523809525
erfahrungen;0.014285714285714285
fahrweise;0.004761904761904762
avant;0.004761904761904762
ausstattung;0.009523809523809525
daily;0.009523809523809525
garage;0.004761904761904762
angefangen;0.004761904761904762
nebenluft;0.014285714285714285
probieren;0.004761904761904762
pm;0.004761904761904762
jahre;0.014285714285714285
tipps;0.004761904761904762
"; liebe grüße";0.004761904761904762
drücke;0.004761904761904762
vw;0.004761904761904762
art;0.004761904761904762
idee;0.01904761904761905
golf;0.02857142857142857
innenraum;0.009523809523809525
nochmal danke;0.004761904761904762
infos;0.009523809523809525
modellen;0.02857142857142857
a3;0.004761904761904762
unterstützung;0.004761904761904762
sicherung;0.004761904761904762
image;0.004761904761904762
-wie;0.004761904761904762
buckel;0.004761904761904762
inwiefern;0.004761904761904762
is;0.004761904761904762
go verkehr;0.004761904761904762
oldie;0.004761904761904762
abreißschraube;0.004761904761904762
weise;0.004761904761904762
spur;0.004761904761904762
zitat;0.14285714285714285
wartungsaufwand;0.004761904761904762
kotflügel;0.004761904761904762
juni;0.057142857142857134
kunststoffe;0.009523809523809525
bereich;0.004761904761904762
schleifen;0.009523809523809525
wilkommen;0.004761904761904762
eoe;0.004761904761904762
entlüften;0.014285714285714285
kannst;0.004761904761904762
gasstoß;0.004761904761904762
adapter;0.004761904761904762
stefan;0.004761904761904762
klar ramponierteren stellen;0.004761904761904762
"; -versicherung";0.004761904761904762
tonne;0.004761904761904762
standzeit;0.004761904761904762
fall;0.009523809523809525
stadt;0.01904761904761905
pd;0.004761904761904762
schliessen;0.004761904761904762
markierung;0.004761904761904762
airbag;0.009523809523809525
kaltem zustand;0.004761904761904762
leidenschaft;0.004761904761904762
b7;0.004761904761904762
-glaubt;0.004761904761904762
mfg micha;0.004761904761904762
schöner wagen;0.004761904761904762
fehlermeldungen;0.004761904761904762
toyota;0.004761904761904762
https://shops.audi.com/.../schraubenfeder-893511115f-10;0.004761904761904762
450 euro;0.004761904761904762
zündzeitpunkt;0.004761904761904762
ventil;0.01904761904761905
nähe;0.004761904761904762
edition;0.004761904761904762
audi 80 1.8s sport edition;0.004761904761904762
musst;0.004761904761904762
typenklassen;0.004761904761904762
interessehalber;0.004761904761904762
leiste;0.004761904761904762
leitungssystem;0.009523809523809525
deutschen zulassungen;0.004761904761904762
wenig/kein rost;0.004761904761904762
o.ä.;0.004761904761904762
"; schleifen";0.004761904761904762
frühjahr;0.004761904761904762
-versicherung;0.004761904761904762
innerorts;0.004761904761904762
vep;0.004761904761904762
b4s;0.004761904761904762
leistung;0.004761904761904762
kupplungssystem;0.004761904761904762
90er;0.004761904761904762
fester;0.004761904761904762
rum;0.004761904761904762
frag;0.004761904761904762
verteilerfinger;0.014285714285714285
scoda;0.004761904761904762
tüv;0.009523809523809525
system;0.02857142857142857
-steuer;0.004761904761904762
schrauben;0.004761904761904762
stadtverkehr;0.004761904761904762
originalteil;0.004761904761904762
